{
	"Changes":[
		{
			"LogName":"Elliott",
			"Action":"EditData",
			"Target":"Characters/Dialogue/Elliott",
			"Entries":{
				"Mon2":"Pelican Town is a uniquely peaceful place. I could tell that from the moment I thought of settling in.#$e#I hope you feel the same.$h",
				"Mon4":"I hope you've come to think of this place as 'home.'",
				"Mon6":"I am a firm believer that beauty is in the eye of the beholder.#$b#If that's true, then I'd consider writing to be the most direct pathway to where our minds create the beauty we experience.",
				"Mon10":"When you're around, @, the feelings in my heart can only be called poetry without words.$l#$e#I hope all is well with you.$h",
				"Tue2":"So many people go their whole lives without ever truly learning how to pay attention... to our surroundings, to ourselves...#$b#How much life is wasted in that manner?$s",
				"Tue8":"A day can never be boring when you follow the whims of your imagination.$u#$e#Sorry, am I babbling on about nonsense?",
				"Tue10":"In my life, I've spent so much time alone, but I think I may be ready for a change to that.$l",
				"Wed2":"Be sure to drop by my cabin whenever you visit the beach.$h#$e#I often crave solitude, but too much can deter one's well being.",
				"Wed4":"Please excuse the sorry state of my cabin.",
				"Thu":"Hello, @.#$e#Are you well?",
				"Thu10":"I've tried my hand at some sonnets lately.$l#$e#Oh! I've written nothing worth another's attention.#$e#Perhaps another time.",
				"Fri2":"You must have met Leah by now, yes? She has been a good friend since I arrived in town.#$e#I do enjoy a good debate with her about aesthetics.",
				"Fri8":"Farmwork with excellence must require a muse. What inspires you, @?",
				"Fri10":"Maybe one of my next pieces will be about you, @. I hope you don't mind.$h",
				"Sat2":"I don't believe in holding onto many material possessions. I keep only what I need.",
				"Sat4":"'Awake, my visage of the looming sun#$b#As nature's chorus lifts its voice as one.'#$b#Oh, @, I was mulling over some of my poetry just now. Lately, the springtime has awakened my creativity.",
				"Sat6":"I have no TV, no computer, and no radio. Sometimes I wonder if I would have a difficult time rejoining 'mainstream' society.",
				"Sat8":"Some people are shy. Keep showing interest in them and they'll get comfortable around you.#$e#Everyone likes to have friends, even that grumpy blacksmith.",
				"Sun2":"Oh, so you came here to escape your old life, too?#$e#It appears we have some commonalities.",
				"Sun4":"I respect Leah's pursuit of beauty in material art.#$b#For me, though, beauty only exists in the mind. Words, thoughts, and music are enough for me.$h",
				"Sun8":"'Awake, my visage of the looming sun#$b#As nature's chorus lifts its voice as one.'#$b#Oh, @, I was mulling over some of my poetry just now. Lately, the springtime has awakened my creativity.",
				"summer_Mon10":"Is it any coincidence that I can't help but picture you whenever I sit down to write?$l",
				"summer_Tue2":"@? You look puzzled.#$b#I guess the hot summer air can make us a little dizzy.",
				"summer_Tue4":"Visit my cabin whenever you like. I could use the company.$h",
				"summer_Tue10":"I write these days, hoping that whatever I compose will be pleasing to you.#$e#It's a whole different experience, writing for someone else instead of myself, but I am already quite fond of it!",
				"summer_Wed4":"The life of a single plant is a story within itself.#$b#Its struggle, its endurance, all for the sake of achieving its purpose of bearing fruit.#$e#The journey of a literary hero is quite similar.$h",
				"summer_Wed6":"If it weren't for the ocean, I fear that my cabin would practically become a sweat lodge during this month.",
				"summer_Wed10":"We ought to share a bottle of wine sometime... to celebrate the progress we've shared in this life!",
				"summer_Thu2":"I took to writing stories from an early age. I played imaginative games endlessly.#$b#But something certainly clicked the day I decided to start writing down the stories that had come so naturally to me.",
				"summer_Thu4":"Some of my best ideas jump into my head when I sit and play my piano.#$e#Of course, some of my worst hours of procrastination happen there, too...$s",
				"summer_Thu6":"It's true that I didn't always have an easy time in school.$s#$b#I spent so much time being different from my peers, that eventually, 'different' became the only identity I knew.#$e#At least I've come to know myself pretty well because of that.",
				"summer_Thu10":"I think of how much I was bullied and outcast as a child. To find someone like you, I feel luckier than I ever thought I'd be.$l",
				"summer_Fri2":"Leah has been telling me about her latest art projects. They sound fascinating.#$e#Some of them she likes to keep secret until they are finished, though. I quite understand.",
				"summer_Fri4":"Writing with a pen is actually quite a bit easier than writing at a computer.#$b#With a pen, you have to commit to the words you write, so it makes me much less indecisive.$h",
				"summer_Fri6":"It was quite an ordeal bringing that piano into my home. Moving it across the beach was no easy feat.#$e#I'm just glad that Mayor Lewis had one for sale from a previous resident who had moved out.",
				"summer_Sat4":"'And darkness, conquered like a drunken bawd#$b#Submits a fallen face to summer's laud.'#$b#Ah, @, I was just coming up with a little bit of poetry to cheer me up. I hope your day is well.$h",
				"summer_Sat6":"When the sound of the ocean is ever present, it almost seems to become a part of my very being. Walking into the silence of the woods is suddenly the exotic experience.",
				"summer_Sat8":"I'd like to think of your work on the farm as a great romance. To conquer death and breathe life back into what was lost...#$b#Thematically speaking, that is where we as people find our hope.",
				"summer_Sun4":"All of the characters I create are in some way a reflection of me.#$b#In that sense, I consider myself to have explored many of the far reaches of my personality.$h",
				"summer_Sun6":"Writing is quite a bit like acting. Sometimes, I find myself lost in the mind of a character. It's always quite exciting.$h#$e#I prefer to keep my audience away until the story is complete, though.",
				"summer_Sun10":"I can often see pieces of myself in the characters I create. But lately, I've written some vignettes that resemble you more than me.$l",
				"fall_Mon6":"It's been said that a pirate's ship, full of plundered gold, shipwrecked here a long time ago.",
				"fall_Mon10":"Hello, @. I must admit I've felt rather amorous lately.$l#$e#Have you?$l",
				"fall_Tue4":"I've read most of the classics, but I find myself returning to them again and again.#$e#I wonder if anything I write will ever last for more than a generation?",
				"fall_Wed2":"One thing I adore about this beach is that I can enjoy a luxurious steamed lobster dinner on the cheap.$h#$e#The finest things in life require very little money if you know where to look.",
				"fall_Wed4":"I admire the classics, but right now I have my nose buried in a few popular novels, too.#$e#I can always learn more from published authors if I hope to become their peer one day.$h",
				"fall_Wed6":"One thing I adore about this beach is that I can enjoy a luxurious steamed lobster dinner on the cheap.$h#$e#The finest things in life require very little money if you know where to look.",
				"fall_Thu2":"It takes a lot of sweeping to keep the sand from forming a layer in my cabin.$s#$e#Just as long as it doesn't get in my bed.",
				"fall_Thu4":"Oh dear! A tiny crab appears to have made his home in my shirt pocket.$l#$e#That's the trouble with living on the beach.",
				"fall_Thu6":"I cannot deny how the seasons affect my mood. No doubt, then, they must affect my writing?$s#$e#But what if, then, I miss my chance to write the scene that I need so badly, and I have to wait for a whole year?$s",
				"fall_Thu10":"It's wonderful to see you, @! Shall we go for a walk along the beach sometime?$h",
				"fall_Fri4":"My legs are stiff from sitting at my writing desk all night.$s#$e#Sometimes I envy you, @.",
				"fall_Fri6":"I have a terrible headache today from too much eyestrain. Maybe I need an appropriate lamp for when I stay up late to write.$s",
				"fall_Fri8":"The plants in my home have been doing quite well. How about the ones on your farm?$h",
				"fall_Sat4":"'A breath of leaves that sprightly-stirs the day$s#$b#And beckons mortals all unto decay...'$s#$b#Ah, @, it's just some lines of verse I'm working on. A little poetry offers some reprieve from my main project.$h",
				"fall_Sat6":"Every time I go to write a scene, it ends up taking so much longer than I expect.$s#$e#The more complex a story becomes, the more I have to analyze whether the symbols and motifs are consistent, among other things.",
				"fall_Sat8":"I'm relieved to have finished my book, but I can't stop writing now. Creativity can vanish if it goes unused.",
				"fall_Sat10":"I've already started brainstorming some ideas for another book.#$e#Yes, this is something I intend to keep doing.$h",
				"fall_Sun4":"I've been trying to catch up on some contemporary fiction. I must make sure that I haven't haphazardly duplicated another author's ideas.",
				"fall_Sun6":"Everyone always thinks of summer when they think of beaches. But an autumn beach has its own glassy beauty that should not go overlooked.",
				"fall_Sun8":"There's something poetic about the thriving nature of a farm in autumn, as nature as a whole begins its steady decline toward winter.#$e#Life... death... rebirth, all three have their separate phases, but all exist simultaneously, too.",
				"winter_Mon4":"These dark winter days do affect my disposition.$s#$q 060/061/062/063 winter_Mon_old#Does the winter season affect your mood, too? #$r 060 0 Mon_060#It takes the wind out of my sails.#$r 061 0 Mon_061#It perks me right up!#$r 062 0 Mon_062#It's a mix of joy and melancholy.#$r 063 0 Mon_063#No affect on me.",
				"winter_Mon_old":"$p 060#Are you taking good care of yourself?|I must not allow myself to succumb to a state of ennui.",
				"Mon_060":"Oh dear! It must be difficult to be a farmer when every living thing is asleep. Please come talk with me whenever you like.",
				"Mon_061":"Is that so? Yes, I suppose there is something quite uplifting about the holiday spirit.",
				"Mon_062":"That's exactly how it is for me, too. Some of my best writing has come from wintertime, but it does tend to be darker in tone.",
				"Mon_063":"Is that so? Well, I admire your impervious nature, then!",
				"winter_Tue4":"$d Joja#JojaMarts have always filled me with a deep sense of loathing. I haven't been in one in years.|It warms my heart whenever I see others shopping at Pierre's. I'm reminded of how the soul of this town won me over.",
				"winter_Tue6":"I've written countless stories before, but if I'm going to submit something for publication, it has to be perfect!$a#$e#Writing can exacerbate my perfectionist tendencies quite a lot.$s",
				"winter_Tue8":"'A sheen of silky snow across the knoll#$b#Invites the lonely one to find his soul...'#$b#Ah, @, I'm just working on a little poetry to invigorate my inspiration.$h",
				"winter_Wed":"A day can never be boring when you follow the whims of your imagination.$u#$e#Sorry, am I babbling on about nonsense?",
				"winter_Wed4":"@, you've trudged through the snow to visit me?#$e#I'm honored!$h",
				"winter_Wed6":"I've been so involved in my own work that I've neglected to ask how your work is going. How is the farm?#$e#Do you have plans for building anything new for the coming year?",
				"winter_Wed8":"I am a firm believer that beauty is in the eye of the beholder.#$b#If that's true, then I'd consider writing to be the most direct pathway to where our minds create the beauty we experience.",
				"winter_Thu6":"It was a fantastic night last night! I must have written another two full pages every hour!$h#$e#I try to relish those personal victories.",
				"winter_Thu8":"Breathe deeply. Do you notice it? That's the smell of the sea.#$e#Whenever I smell the sea, it reminds me of my youth. The ocean really impressed me as a child.",
				"winter_Thu10":"My parents were among those who thought I was crazy to move here.#$b#When I read their most recent letter, though, they seemed more accepting.",
				"winter_Fri4":"Some of my best ideas jump into my head when I sit and play my piano.#$e#Of course, some of my worst hours of procrastination happen there, too...$s",
				"winter_Fri6":"I only got through writing three sentences all day yesterday. Three sentences!$s#$e#My brain simply must be exhausted.",
				"winter_Fri8":"Some of my best ideas jump into my head when I sit and play my piano.#$e#Of course, some of my worst hours of procrastination happen there, too...$s",
				"winter_Fri10":"I can often see pieces of myself in the characters I create. But lately, I've written some vignettes that resemble you more than me.$l",
				"winter_Sat4":"'A sheen of silky snow across the knoll#$b#Invites the lonely one to find his soul...'#$b#Ah, @, I'm just working on a little poetry to invigorate my inspiration.$h",
				"winter_Sun6":"The cold does make my cabin feel lonelier.$s#$e#Perhaps if I could just use this loneliness as a source of inspiration...$s",
				"winter_Sun8":"I think I'll make enough to get by for another few months!$h#$e#It's easier for me as I have so few expenses, but for a while, I was worried I would go broke.",	
				"spring_1_2":"Such a beautiful morning today! Happy new year!$h",
				"summer_27":"The moonlight jellies' visit made for a wonderful experience last year. I hope this year proves no different.#$e#And you can't beat the location of my home!$h",
				"winter_15":"These boats made quite the entrance when they arrived this morning!",
				"winter_28":"Here's to another chapter of our lives! [459]$h#$e#Cheers.",
				"summer_27_2":"The moonlight jellies' visit made for a wonderful experience last year. I hope this year proves no different.#$e#And you can't beat the location of my home!$h",
				"winter_15_2":"The night market is back. I never imagined I'd have that kind of wonderful spectacle right outside my front door.$h",
				"winter_28_2":"Here's to another chapter of our lives! [459]$h#$e#Cheers."
			}
		},
		{
			"LogName":"Elliott Marriage",
			"Action":"EditData",
			"Target":"Characters/Dialogue/MarriageDialogueElliott",
			"Entries":{
				"Rainy_Day_0":"#$c .5#I feel inspired today... I think I'll do some writing.#I love waking up to the gentleness of that sound. Don't you?$h",
				"Rainy_Day_1":"The sound of rain, in some tiny way, reminds me of my cabin by the beach.#$e#$c .5#I may be due for another walk down there, soon.#The farm is wonderful, but I do miss the sound of the ocean.",
				"Rainy_Day_2":"I got up early and made coffee.[395]#$e#$c .5#This is a surpassingly delicious blend. I've become quite familiar with how coffee should taste, if I may say so.$h#I find that a cup of this exquisite brew makes the early morning a lot more pleasant.",
				"Rainy_Day_3":"#$c .5#I think I'll remain indoors today, my dear. The rain causes my hair to go limp.#Goodness! I'm in constant admiration at how you boldly venture outside on these days, yet it never dampens your spirit.",
				"Rainy_Day_4":"My inspiration for writing is like the weather... it comes and goes at random. Today I feel entirely dull.$s#$e#Perhaps I'll read one of the classics to get my creative juices flowing.",
				"patio_Elliott":"#$c .5#Ah, what a lovely day to read a book... don't you think, my dear?#Feel free to join me if you're taking a break, my dear.$h",
				"Rainy_Night_0":"#$c .5#Good evening. Did you have a productive day, @?#Our triumphant hero returns! How was your day?$h^Our triumphant heroine returns! How was your day?$h",
				"Rainy_Night_1":"#$c .5#You're ice cold! Let me keep you warm.$l#Dear, what are you doing, burying your wet face in my hair like that? I'm not a towel!$l",
				"Rainy_Night_2":"#$c .5#Ah, my dear, I was just thinking about you. Welcome home.$h#My skill with words is unmatched, yet I can't find the way to properly describe your allure.$l^My skill with words is unmatched, yet I can't find the way to properly describe your beauty.$l",
				"Rainy_Night_3":"#$c .5#What did I do today? I'll just say this... it takes a lot of work to maintain this rugged physique!#Isolating? No, it's never isolating here, compared to the beach. Simply the promise of your return each evening keeps my mind quite copacetic.$h",
				"Rainy_Night_4":"My love... I wouldn't trade you for 100 iridium bars.#$e#Nor 1000...#$e#Not even 10,000 bars, no.$7#$e#...$7#$e#No, not even 100,000 bars!$a#$e#...$s#$e#Wa... one million bars of pure iridium...? Don't make me do this...$8",
				"Indoor_Day_0":"#$c .5#I've been taking much better care of myself now that we're together. The bachelor life wasn't particularly healthy for me.#How on earth did I manage to rough it out in that old shack? Even now, it already feels like a memory out of someone else's life.",
				"Indoor_Day_1":"Good morning! I made us a pot of coffee.[395]#$e#$c .5#I find myself craving this robust flavor nearly every morning.#I know how to brew it just right, if I may say so. I'm a bit of connoisseur.$h",
				"Indoor_Day_2":"#$c .5#If you find a spider in the house, don't squash it! Just let me know and I'll take the poor thing outside.#I woke up with some thoughts swimming in my head for a little vignette. I'll have to write those thoughts down before they vanish.",
				"Indoor_Day_3":"#$c .5#Today is going to be a fantastic day... I can feel it! I get this special feeling in my nose...$h#A sheen of silky sun across your hair... reminds me how I know I've found my home, wherein your gleaming gaze invites to share... a moment in the sun to call our own.",
				"Indoor_Day_4":"#$c .5#Dear, what do you think we should do for dinner tonight? It's your pick.#I've had this recurring nightmare that you gave me a buzz cut... You wouldn't ever do that to me, would you?$s#$e#I trust you.",
				"Indoor_Night_0":"#$c .5#Mmm, good evening, my dear. Come closer.$l#From the brightest winter star, to the shimmer of an iridium vein... nothing can compare to my wonderful man.$l^From the brightest winter star, to the fragrant fairy rose... nothing can compare with your captivating beauty.$l",
				"Indoor_Night_1":"#$c .5#A crackling fire adds wonderful ambiance to the house... every piece of wood burns in a unique way.#There's no sand on the floor, but I still have a lingering habit of brushing off the bottoms of my feet before I climb in bed.",
				"Indoor_Night_2":"#$c .5#Every time I look out at the fields, I'm eager to learn more about your work. Why don't you teach me something new?#I never had much success growing plants in my old beach house. Hopefully I can pick up a thing or two by watching you.##$e#In this respect, you are the master and I only a humble apprentice.",
				"Indoor_Night_3":"#$c .5#When I behold thy wondrous face, a precious jewel of form and grace, my heart... torn by the dread of night, is purified with golden light.#A darkened, starry sky will blanket us, and I will wrap you up within my arms. Locked in that shroud we'll find our peace and thus, we'll lull into repose with gentle charms.#$e#Poetry is the only way I can begin to describe my feelings for you.$l",
				"Indoor_Night_4":"#$c .5#I came to know gourmet seafood quite well while I lived on the beach. [198 202 727 728]Bon appetit!$h#I spent the afternoon daydreaming about the ocean. So I decided to cook some seafood. [198 202 727 728]$h",
				"Outdoor_0":"#$c .5#My wildest dreams have come true... just look at this incredible landscape!#It's the strangest thing, but I get fewer tangles in my hair when I dry it outside. I try to do that on occasion.",
				"Outdoor_1":"#$c .5#The best authors manage to master a variety of voices and styles. That's an ongoing goal of my own.#Fertile soil beneath my feet, fresh air to fill my lungs, and the sun's warmth to delight my skin... Life is going well.",
				"Outdoor_2":"#$c .5#I might stay here and write some poetry. I'm feeling a sudden surge of creativity! You go on ahead and take care of business.#Triumphant wheel that spins the sky, illuminate us with a sigh. For now the dawn-air's chorus croons, to summon nature's youthful tunes.$h",
				"Outdoor_3":"#$c .5#If I stay perfectly still, perhaps a resplendent butterfly will bless my nose with a landing.#Scarecrows seem to work well here. I can't imagine the birds are short on food in the nearby forests.",
				"Outdoor_4":"#$c .5#Good morning. May I steal a soft kiss from my love?$l#I drank too much coffee... my mouth feels about as dry as the Calico Desert.$s#$e#Oh... sorry about the coffee breath.$7",
				"OneKid_0":"#$c .5#How strange... I no longer feel like the protagonist of my own life. And yet, it doesn't bother me at all.#Have you had any time to entertain little %kid1 today? Maybe a second child will make things easier for both of us.",
				"OneKid_1":"#$c .5#I feel like raising our child is the start of a brand new story! It will always be our greatest.#Little %kid1 is going to have the perfect childhood here. There's so much to explore.",
				"OneKid_3":"#$c .5#What are some good toys that we can get? I want our child to be learning something new as often as possible.#Caring for babies isn't exactly my strong suit... but I'll do my best to be a good father.",
				"TwoKids_0":"#$c .5#I wonder how long it'll be before our children can appreciate gourmet seafood?#I already gave %kid1 and %kid2 their food. They eat a lot for such small creatures!",
				"TwoKids_1":"#$c .5#I told the children a little story last night as they were drifting off. You can color me smitten.$l#I was carrying %kid1 earlier, and I could've sworn I heard a \"Da...da\".$h",
				"TwoKids_2":"#$c .5#Is raising children an art? If it is, I must say that it is quite the competition for my favorite art.$h#I'm going to teach %kid1 to read as soon as possible! That's a great way for children to learn about the world.",
				"TwoKids_3":"#$c .5#Goodness! I'm still able to write a little, but I have to do it in short bursts when our children require such attention.#We've done well, @. The farm is doing excellent and our healthy children are a great joy. I couldn't be happier.",
				"funLeave_Elliott":"#$c .5#I think I'll walk down to the beach today. It's always nice to see the ocean again.#If I walk to the beach today, I wonder who I'll see? There's only one way to find out.$h",
				"funReturn_Elliott":"#$c .5#I had a nice time at the beach by myself. I watched the waves come and go, just like old times.#The beach was quiet today, and yet so full of life. I quite enjoyed myself. And how was your day?",
				"spring_3":"I wonder what new stories we'll have to tell this year? This new chapter of our lives is still just beginning.",
				"spring_15":"I wonder how Leah is faring this spring. Have you seen her much?",
				"spring_18":"I have a new book from the library that's an absolute joy.#$b#The author's command of our language is masterful. The rhythmic sentence structures, the diction... I wonder if I could emulate the style a bit?",
				"spring_28":"The fledgling days of the year are at a close. There's no reason to grieve, though! Summer, fall, and winter all have a precious beauty to them, too.",
				"summer_6":"I have to make sure I write something today. Even if it's just a sentence, it makes all the difference in the world.#$e#I fear I would lose my momentum if I gave into any excuses for laziness.",
				"summer_15":"My soul is alive today!$h#$b#And I know that will not be the case forever. I don't want to miss a second of what this day has to offer.",
				"summer_18":"The halcyon days of summer are not gone! No, they're here in front of us, right now!$h#$e#Blissful as our childhood memories may be, we must not allow nostalgia to blind us. Today is just as precious as any day from years ago.",
				"summer_22":"I wonder what little treasures of the sea are washing up on the beach these days?#$e#I've always enjoyed examining those tide pools. The edge of the pool is the edge of the world for some of those creatures!$h",
				"fall_5":"None of the stories I've written are beautiful, so to speak. Beauty is an experience of the mind.#$b#I think of my written work as a gateway into that experience. Whether the reader successfully enters into beauty is largely up to them.#$b#But I like to think I make it easier for them.$h#$e#Sorry, is it too early to be speaking of such things?",
				"fall_8":"That old piano is still sitting in my old shack. I wonder if today is a good day to pay it a visit?",
				"fall_20":"Dear me. I should have flossed more carefully last night. I'm afraid one of my gums is rather sore.$s",
				"fall_23":"I wrote a short little vignette yesterday. I just need to polish it up today.#$b#Would you like me to read it to you after we go to bed tonight?$h",
				"winter_4":"Having a fresh field of unfettered snow... it's like having a blank sheet of paper and a pen.#$b#Such potential to explore!$h",
				"winter_12":"I must say, it is delightfully cozy in here! My old cabin got so cold.$h#$b#Just as I might have started missing it, I remember how rudimentary it truly was.",
				"winter_16":"My fingers used to get so stiff as I wrote in that cold, old cabin.#$b#I never have to worry about that here.$h",
				"winter_21":"I've always thought, as long as speaking is one of the most fundamentally human things we do, I might as well take some pride in it.$h#$e#I say I should speak mellifluously, even if others may find it strange.#$b#Yet, you know me well, dear: It would be strange if I didn't speak in my most authentic voice, would it not?"
			}
		}
	]
}