{
	"Changes":[
		{
			"LogName":"Jas",
			"Action":"EditData",
			"Target":"Characters/Dialogue/Jas",
			"Entries":{
				"Mon2":"So you live next door, right?$u",
				"Mon6":"What's Zuzu city like? I've never been.",
				"Mon8":"I wish there were some other kids to play with around here.#$e#Vincent's a nice friend, but I see him almost every day.",
				"Mon10":"@! It's youuu!$h#$e#I love you.$h",
				"Tue2":"Aunt Marnie said I'm supposed to say hi to you.$u#$e#Um... hi.$u",
				"Tue4":"Aunt Marnie always tells me to stay away from the tower on the other side of the pond.#$b#That's a rule I don't mind following.",
				"Tue8":"My dolls like going on adventures. I don't take the old ones outside, though, because I don't want them to get dirty.#$e#I don't know where the old ones came from. But they're my most special ones.",
				"Tue10":"If you're good at taking care of animals, you're probably also good at taking care of dolls.#$e#A barn is kind of like a dollhouse, right? You have to go in and check on them and make sure they're all loved and happy.",
				"Wed6":"Leah carved a little wooden doggie for me when she first moved in next door.#$e#She's really nice, but we haven't spent too much time with her since then.",
				"Wed8":"I'm pretty good at drawing. Aunt Marnie went and got me a set of 48 crayons, so I draw her a lot of pictures.",
				"Wed10":"I'm getting pretty good at coloring books. The key is to color it darker when you're closer to the lines, and lighter when you're away from them.",
				"Thu2":"Do you like taking good care of animals?$u#$e#I was just curious.$u",
				"Thu4":"Ms. Penny is teaching me how to write in cursive.$h#$e#She has such pretty handwriting.",
				"Thu6":"Sometimes I have to fix my own dinners. Usually I just microwave something, but I'm also pretty good at making eggs.#$b#And rice.",
				"Thu8":"I like school. Sometimes it's hard to sit inside for so long, but Ms. Penny is the best.#$e#She's really smart, too.",
				"Thu10":"I remember my old school a little, from before I moved here. I wasn't there for very long, though.#$e#I just remember there were a lot of other kids.",
				"Fri6":"Do you like skipping stones? It's easy if you know what kind of rock to look for.#$e#One time, Shane threw a rock that skipped six times in a row.$h",
				"Fri8":"You're always so nice to me, Mr. @.$h^You're always so nice to me, Ms. @.$h#$e#Grown-ups are usually mean and boring, but you're different.",
				"Sat4":"Ms. Penny started giving us homework this year. I thought it would be hard, but it's actually kind of fun.#$e#And I'm already done with it this weekend!",
				"Sat6":"Angelina used to be my favorite Courtwick princess, but these days I like Cordelia more. She has the same hair as me.#$e#Plus, her sidekick goat is really funny.",
				"Sat8":"I'm glad you're a nice grown-up. Back when I lived with my parents, there were some grown ups who were not nice.#$e#They would come over at night and be really noisy. I couldn't sleep.$u",
				"Sun4":"What's up in the mountains anyway?#$b#I've never even been.$u",
				"Sun6":"Sometimes a traveling merchant comes through our neighborhood, and there's a pig who pulls the carriage.#$b#I named him Mumpy.",
				"Sun8":"The traveling merchant is in town today. I went with some of the money I saved.#$b#I was going to buy this one weird thing, but I didn't know what it was, so I got candy instead.",
				"summer_Mon4":"Our poor animals don't like these hot days.#$e#I wish we could just give the cows some ice cream.#$e#Eww, that'd be weird if it was their own milk!$h",
				"summer_Tue4":"I saw a snake out in the woods.#$e#It wasn't really scary. You just have to stay away from them.",
				"summer_Thu10":"I've been reading some chapter books from the library lately. Marcie and the Underground Castle is really good.#$e#Well, some of the parts didn't make sense to me, but I got the main idea.",
				"summer_Sat10":"If I grow up and work on a farm someday, would you be proud of me?",
				"fall_Wed4":"Have you found any wild plums on the ground?#$e#They're really yummy in plum pudding!$h#$b#I don't like them plain, though.$u",
				"fall_Thu4":"Fall flowers are my favorite. Are you growing any on your farm?",
				"fall_Thu10":"I love fall.",
				"fall_Fri10":"Sometimes I wonder what it'd be like to have my mom and dad with me at home, and it makes me sad.$u#$b#But I still have Aunt Marnie, Uncle Shane, Miss Penny, and You. There are a lot of grown-ups who are nice to me.",
				"fall_Sat10":"Grown ups always talk about how life goes by so fast. It doesn't seem like that to me.#$e#It's going to be SO long until my next birthday. I'm going to be an old lady by then!$s",
				"fall_Sun10":"When I grow up, maybe I'll work on a farm. Maybe I'll write stories or paint pictures.#$e#Or maybe I'll be a veterinarian.#$b#I don't know! We'll see.$h",
				"winter_Mon10":"Once, I woke up in the middle of the night. The shadows looked like they were moving, and then a face appeared.$u#$b#I almost screamed but then it disappeared.$u#$e#Maybe it was all a dream. I can't really tell.$u",
				"winter_Wed10":"Can I tell you a secret? Mayor Lewis is kind of weird.#$b#He's nice, too, but... I don't know. It's hard to explain.",
				"winter_Fri8":"Can you keep a secret?#$e#One time, I threw a snowball at Vincent and it almost knocked him over.#$b#But I was hiding in the bushes, so he never even found out it was me!$h",
				"winter_Sat6":"I love snow!$h#$e#One time, Shane came home at night when it was snowing. We danced under the back porch light until almost an hour after my bedtime.#$e#It was so pretty. *sigh*",
				"winter_Sun8":"Ms. Emily made me some mittens for this winter. She's so, so, so nice.#$e#I actually like gloves better, but not when the mittens are homemade.",
				"Tue_inlaw_Shane":"I miss Shane. Is he going to move back in?$s",
				"Tue4_inlaw_Shane":"Shane always used to look so sad, but then he met you.#$e#I love happy endings.$h",
				"winter_28":"Happy new year, Mister @.^Happy new year, Ms. @.",
				"winter_28_2":"Happy new year, Mister @.^Happy new year, Ms. @."
			}
		}
	]
}