{
	"Format": "2.0",
	
	"Changes": [
		{
			"LogName": "14-Heart Event Changes",
			"Action": "EditData",
			"Target": "Data/Events/Town",
			"Entries": {
				"4678337/f Shane 3500/O Shane/d Fri/t 800 1700": "distantBanjo/45 71/farmer 48 67 2 Marnie 52 71 0 Jas 51 71 0 Shane -100 -100 2/addConversationTopic shaneSaloon1 0/skippable/move farmer 0 3 2/warp Shane 45 71/playSound doorClose/faceDirection Marnie 3 true/faceDirection Jas 3 true/move Shane 0 1 2/pause 500/speak Shane \"Phew... that was fun.$h#$b#Haven't had a session like that in a while... *urp*\"/pause 500/emote Marnie 28 true/emote Jas 28 true/emote farmer 28 true/pause 1000/speak Shane \"Welp... I'm all sweaty. Better head back home.\"/advancedMove Shane false -10 0 0 -14 -10 0 0 -3 -10 0/move farmer 0 2 3 true/pause 3000/speak Marnie \"Oh no... this doesn't look good.$s\"/pause 500/faceDirection Jas 1/emote Jas 28/move Marnie 0 1 3 false/faceDirection Jas 2 true/move Marnie -3 0 3/faceDirection Jas 3 true/faceDirection farmer 1/speak Marnie \"@? You'd better keep your eye on him... next time you catch him coming out of the Saloon, you should say something...$s\"/pause 1000/faceDirection farmer 2 true/pause 100/faceDirection farmer 3/pause 1000/end dialogue Shane \"Is everything alright, @? You seem worried...\"",
				"4678338/e 4678337/O Shane/A shaneSaloon1": "distantBanjo/45 71/farmer 37 67 2 Shane -100 -100 2/addConversationTopic shaneSaloon2 0/skippable/move farmer 0 3 2/warp Shane 45 71/playSound doorClose/move Shane 0 1 2/jump farmer/pause 1000/emote farmer 16/advancedMove Shane false -7 0/pause 500/textAboveHead Shane \"*urp*\"/move farmer 0 2 1/speak Shane \"Oh! Hey @. I was just on my way home...\"/pause 500/emote farmer 40/textAboveHead Shane \"Huh?\"/pause 2000/speak Shane \"@? You have a weird look on your face...$3\"/question fork0 \"#I know you weren't drinking, but Marnie saw you just now and I think she got the wrong idea. What were you doing?#Were you drinking?\"/fork tellTruth/speak Shane \"'Were you drinking?'... No!$a#$b#Why would you think that?$a\"/speed Shane 4/advancedMove Shane false 0 1 -5 0 0 -10/pause 500/textAboveHead Shane \"Hmph..\"/faceDirection farmer 2 true/pause 2000/emote farmer 28 true/pause 3000/end dialogue Shane \"...$a\"",
				"tellTruth": "pause 200/addMailReceived shaneTrust/pause 200/speak Shane \"Oh...$10#$b#Yeah, that looked really bad huh?$3\"/pause 300/emote Shane 60/pause 200/speak Shane \"Welp, I wanted to wait on saying anything, but...#$b#*sigh* So I kinda got addicted to Journey of the Prairie King.$3\"/pause 500/faceDirection farmer 2/showFrame farmer 102/showFrame farmer 103/showFrame farmer 102/pause 200/showFrame farmer 103/pause 100/showFrame farmer 102/pause 100/showFrame farmer 103/pause 100/faceDirection farmer 1/pause 200/speak Shane \"Hear me out: I used to play games like that all the time as a kid, so at first it was just a nostalgia trip.$6#$b#But then I started getting good at it. Really good.$3#$b#I just hit the fifth spot on the global leaderboards tonight...$1\"/pause 200/jump farmer/emote farmer 16/pause 200/speak Shane \"I'm not kidding! Something about that game just clicks with my brain.$1#$b#But, you know I have a hard time talking myself up...$3#$b#Some stupid part of me thought if I started bragging about this, my streak would stop.#$b#So I decided to hold off on saying anything until I hit top 3.#$b#But...that clearly backfired.$2\"/pause 200/emote Shane 28/pause 200/speak Shane \"*sigh* Thank Yoba you didn't, well, immediately assume the worst.#$b#But now Marnie's worried. Guess I'll have to talk to her tomorrow...$2\"/pause 200/emote Shane 40/pause 200/speak Shane \"Hmm...$3#$b#@, I have an idea...$6\"/pause 200/emote farmer 8/emote Shane 56/pause 500/end dialogue Shane \"Remember the plan, ok @?$3\"",
				"4678333/n shaneTrust/e 4678338/O Shane/A shaneSaloon2": "spring_day_ambient/45 71/farmer 47 71 1 Shane 37 72 1 Marnie 48 70 2/addWorldState shanePK/skippable/emote Shane 56 true/move Shane 8 0 0/pause 500/speak Shane \"Okay... I'm ready for another round.\"/pause 500/move Shane 0 -1 0/playSound doorClose/warp Shane -100 -100/pause 1000/faceDirection farmer 2 true/showFrame 0/emote Marnie 12/speak Marnie \"Alright... we've caught him in the act. Now let's confront him. Take a deep breath... $s\"/move farmer 0 1 3/move farmer -2 0 0/move farmer 0 -1 0/playSound doorClose/warp farmer -100 -100/move Marnie 0 2 3/move Marnie -3 0 0/move Marnie 0 -1 0/playSound doorClose/warp Marnie -100 -100/fade/viewport -1000 -1000/changeLocation Saloon/warp Shane 33 18/warp Marnie 18 21/warp farmer 19 21/faceDirection Marnie 1 true/faceDirection farmer 1 true/positionOffset farmer 0 16/advancedMove farmer false 6 0 0 -2 8 0 4 10/advancedMove Marnie false 6 0 0 -2 8 0 4 10/specificTemporarySprite shaneSaloonCola/playMusic none/pause 3000/viewport 33 18 true/pause 800/playSound Cowboy_gunshot/pause 200/emote Shane 52 true/playSound Cowboy_gunshot/pause 200/playSound Cowboy_gunshot/pause 200/playSound Cowboy_gunshot/pause 160/playSound cowboy_monsterhit/pause 140/playSound Cowboy_gunshot/pause 170/shake Shane 500/playSound cowboy_monsterhit/pause 200/playSound Cowboy_monsterDie/pause 500/playSound cowboy_gunload/pause 700/playSound Cowboy_gunshot/shake Shane 500/pause 200/playSound Cowboy_gunshot/pause 160/playSound cowboy_monsterhit/pause 140/playSound Cowboy_gunshot/pause 170/playSound cowboy_monsterhit/jump Shane/pause 200/playSound Cowboy_monsterDie/pause 500/playSound cowboy_dead/jump Shane/pause 500/textAboveHead Shane \"Arrgh!\"/pause 2000/playMusic distantBanjo/textAboveHead Shane \"So close...\"/pause 3000/faceDirection Shane 1 true/pause 100/faceDirection Shane 2/animate Shane false true 100 18/jump Shane/pause 500/stopAnimation Shane/showFrame Shane 0/emote Shane 16/speak Shane \"Oh, hey! Didn't know I had an audience.$h\"/faceDirection Marnie 1 true/faceDirection farmer 3/faceDirection Marnie 0 true/faceDirection farmer 0/speak Marnie \"Shane... this is what you've been doing in here?$s\"/pause 500/speak Shane \"Yeah! What did you think?$h\"/faceDirection Shane 1 true/pause 100/faceDirection Shane 0/speak Shane \"I'm completely addicted to this game...#$b#I can't help but play round after round...\"/pause 500/faceDirection Shane 1 true/pause 100/faceDirection Shane 2/pause 500/animate Shane false true 100 34/pause 500/speak Shane \"I've even reached the number three spot in the global leaderboards... you might say I'm one of the best.$h\"/pause 500/stopAnimation Shane/pause 100/move Marnie 0 -1 1/speak Marnie \"But... these cans...$s\"/pause 500/faceDirection Shane 3/pause 200/emote Shane 8/speak Shane \"Oh, that's just Joja Cola... Yeah, yeah, I know... It's bad for the teeth. But it helps me focus...\"/pause 1000/faceDirection Shane 2/pause 200/faceDirection Shane 3/faceDirection Shane 2/faceDirection Shane 3/speak Shane \"Wait... did you guys think I was drinking beer?$a\"/faceDirection Marnie 2/emote Marnie 28/faceDirection Shane 2/speak Shane \"@? I told you I hadn't been drinking...$a\"/question null \"#We were worried...#*stare at Marnie* You're right, we should have believed you.\"/emote farmer 40/faceDirection Marnie 1/pause 1000/faceDirection Shane 2/emote Shane 40/speak Shane \"...That's alright, @. You're just looking out for me. I get it.#$b#Look... I know I haven't been perfect... but, I'm trying my best... and I'm gonna keep trying. So you all don't have to worry about me.#$b#My life is better now than it's ever been.\"/pause 500/emote Marnie 20 true/emote farmer 20 true/pause 1300/faceDirection Shane 0/speak Shane \"You know, when I'm playing this game, I become so focused that I can't think about anything else. It really helps when I start having some bad thoughts.\"/faceDirection Shane 2/speak Shane \"Anyway... I'll just... eh... play ONE more round and head home. Okay?\"/pause 1000/emote farmer 32/pause 1000/end dialogue Shane \"You were perfect, hun. Did you see Marnie's face?$h\"",
				"4678336/l shaneTrust/e 4678338/O Shane/A shaneSaloon2": "spring_day_ambient/45 71/farmer 47 71 1 Shane 37 72 1 Marnie 48 70 2/addWorldState shanePK/skippable/emote Shane 56 true/move Shane 8 0 0/pause 500/speak Shane \"Okay... I'm ready for another round!\"/pause 500/move Shane 0 -1 0/playSound doorClose/warp Shane -100 -100/pause 1000/faceDirection farmer 2 true/showFrame 0/emote farmer 12 true/emote Marnie 12/speak Marnie \"Alright... we've caught him in the act. Now let's confront him. Take a deep breath... $s\"/move farmer 0 1 3/move farmer -2 0 0/move farmer 0 -1 0/playSound doorClose/warp farmer -100 -100/move Marnie 0 2 3/move Marnie -3 0 0/move Marnie 0 -1 0/playSound doorClose/warp Marnie -100 -100/fade/viewport -1000 -1000/changeLocation Saloon/warp Shane 33 18/warp Marnie 18 21/warp farmer 19 21/faceDirection Marnie 1 true/faceDirection farmer 1 true/positionOffset farmer 0 16/advancedMove farmer false 6 0 0 -2 8 0 4 10/advancedMove Marnie false 6 0 0 -2 8 0 4 10/specificTemporarySprite shaneSaloonCola/playMusic none/pause 3000/viewport 33 18 true/pause 800/playSound Cowboy_gunshot/pause 200/emote Shane 52 true/playSound Cowboy_gunshot/pause 200/playSound Cowboy_gunshot/pause 200/playSound Cowboy_gunshot/pause 160/playSound cowboy_monsterhit/pause 140/playSound Cowboy_gunshot/pause 170/shake Shane 500/playSound cowboy_monsterhit/pause 200/playSound Cowboy_monsterDie/pause 500/playSound cowboy_gunload/pause 700/playSound Cowboy_gunshot/shake Shane 500/pause 200/playSound Cowboy_gunshot/pause 160/playSound cowboy_monsterhit/pause 140/playSound Cowboy_gunshot/pause 170/playSound cowboy_monsterhit/jump Shane/pause 200/playSound Cowboy_monsterDie/pause 500/playSound cowboy_dead/jump Shane/pause 500/textAboveHead Shane \"Arrgh!\"/pause 2000/playMusic distantBanjo/textAboveHead Shane \"So close...\"/pause 3000/faceDirection Shane 1 true/pause 100/faceDirection Shane 2/animate Shane false true 100 18/jump Shane/pause 500/stopAnimation Shane/showFrame Shane 0/emote Shane 16/speak Shane \"Oh, hey! Didn't know I had an audience.$h\"/faceDirection Marnie 1 true/faceDirection farmer 3/faceDirection Marnie 0 true/faceDirection farmer 0/speak Marnie \"Shane... this is what you've been doing in here?$s\"/pause 500/speak Shane \"Yeah! What did you think?$h\"/faceDirection Shane 1 true/pause 100/faceDirection Shane 0/speak Shane \"I'm completely addicted to this game...#$b#I can't help but play round after round...\"/pause 500/faceDirection Shane 1 true/pause 100/faceDirection Shane 2/pause 500/animate Shane false true 100 34/pause 500/speak Shane \"I've even reached the number three spot in the global leaderboards... you might say I'm one of the best.$h\"/pause 500/stopAnimation Shane/pause 100/move Marnie 0 -1 1/speak Marnie \"But... these cans...$s\"/pause 500/faceDirection Shane 3/pause 200/emote Shane 8/speak Shane \"Oh, that's just Joja Cola... Yeah, yeah, I know... It's bad for the teeth. But it helps me focus...\"/pause 1000/faceDirection Shane 2/pause 200/faceDirection Shane 3/faceDirection Shane 2/faceDirection Shane 3/speak Shane \"Wait... did you guys think I was drinking beer?$a\"/faceDirection Marnie 2/emote Marnie 28/faceDirection Shane 2/speak Shane \"@? I told you I hadn't been drinking...$a\"/question fork0 \"#We were worried...#I'm sorry, I should've believed you\"/fork wewereworried/emote farmer 40/faceDirection Marnie 1/pause 1000/faceDirection Shane 2/emote Shane 40/speak Shane \"...That's alright, @. You're just looking out for me. I get it.#$b#Look... I know I haven't been perfect... but, I'm trying my best... and I'm gonna keep trying. So you don't have to worry about me.#$b#My life is better now than it's ever been. I'm not in such a dark place anymore...\"/pause 500/emote Marnie 20 true/emote farmer 20 true/pause 1300/faceDirection Shane 0/speak Shane \"You know, when I'm playing this game, I become so focused that I can't think about anything else. It really helps when I've got 'the urge'...\"/faceDirection Shane 2/speak Shane \"Anyway... I'll just... eh... play ONE more round and head home. Okay?\"/pause 1000/emote farmer 32/pause 1000/end dialogue Shane \"You guys must have been really confused when you came in and saw me in front of the arcade machine!$h\""
			},
		},
		{
			"LogName": "Cancel out old 14-heart event",
			"Action": "EditData",
			"Target": "Data/Events/Town",
			"Entries": {
				"3917584/f Shane 3500/O Shane/d Fri/t 800 1700": null,
				"3917585/e 3917584/O Shane/A shaneSaloon1": null,
				"3917586/e 3917585/O Shane/A shaneSaloon2": null
			}
		},
	],
}